True_Data_origin,GRU_Predicted_Data_origin,CNN_Predicted_Data_origin,LSTM_Predicted_Data_origin,RNN_Predicted_Data_origin,TimesNet_Predicted_Data_origin
60.43000030517578,60.4637447392106,58.86339765473304,60.54259519538482,59.052661596964754,
60.450000762939446,60.33364235179761,60.183853154467215,60.4626070339873,58.78931371852559,59.879526116656976
60.54000091552735,60.33318826367121,60.37115400141192,60.51637612489957,58.62299796633032,59.842897488406166
60.900001525878906,60.46838505745927,56.42705860956903,60.6163335538231,59.2963186562265,59.772130430249966
61.38999938964844,60.79940992001411,58.29260575976604,61.07971074425222,59.52196065654788,59.809770279554435
60.90000152587891,61.04994792161051,59.083099862398285,61.43518244069583,59.536126821126345,60.064857440417676
61.0,60.76503674260857,59.08008729814173,60.86676317895399,59.59196956866617,60.17142810794805
60.74999999999999,60.88530965870859,59.400642097648415,61.09866719349611,59.67493680165262,60.22298442149806
60.450000762939446,61.14849936479368,60.63803606836154,61.45135599782225,59.69298760136735,60.059444072510836
59.959999084472656,59.85611284652487,59.249692228171625,60.12736017949237,59.58924177968947,60.03556763335475
59.81999969482421,59.67684848396493,59.54257481398963,60.16110964312247,59.39457482121543,59.96347178735507
59.59999847412108,59.73327244845996,59.936969527613655,60.31270792193845,59.032107400690165,59.82691561232016
59.650001525878906,59.59926333850672,59.46090835694122,59.71419501739001,59.07232950443358,59.56146169640581
60.84000015258789,59.3233352079219,58.03417258398167,59.50506286235986,58.60586888292801,59.36501226111705
61.0099983215332,58.85172338491611,58.15352740366734,59.07563938919566,57.81764348916795,59.43367543929073
60.560001373291016,60.9600427398118,58.40591059355938,61.00551446496456,58.93399774530462,59.689372361129266
61.18000030517579,61.268100625318766,60.2448564352344,61.38594269062378,59.27766674195664,59.90309481067654
61.61000061035156,61.68941462653902,59.25951687120005,61.88024418855912,59.53652516201737,60.007598020188674
60.959999084472656,61.49574241759092,59.19593416737644,61.59958353816728,59.52032946692816,60.203639038394634
61.59999847412109,59.59960215932233,57.29079516476577,59.78891814553481,57.70181139899978,60.254755832959766
62.0,60.53860255204199,58.47720517835114,60.81071502130726,58.43541429340803,60.46247234151817
61.040000915527344,62.182728569221126,59.876727712895445,62.08769640636456,60.12992380703827,60.692737729095846
61.380001068115234,62.00807836198965,59.567613567191984,61.896060481753466,59.91480228521459,60.82261927224683
60.290000915527344,62.8344375978686,61.30934241921295,62.76983835006922,60.67775523817727,60.736044672350566
60.68000030517578,60.37116647480616,61.415784598557366,60.43963118192096,61.01739748628006,60.32428413509435
60.9099998474121,61.91272332748895,62.221644966549775,62.03404285239367,62.5000043491209,60.163494667500366
60.900001525878906,62.27938111264848,61.48335643617429,62.43825960332288,62.855720406346336,59.98909566232626
62.11999893188477,60.955875515937805,58.40883493423462,61.0161167383194,59.56412494182587,59.981933221662096
62.540000915527344,60.80996308985959,58.14567242940029,60.88578578262059,59.30997650567406,60.365630840045945
62.27999877929688,62.394718271189056,60.88596274399243,62.48262759106729,60.6691112567678,60.990443499012166
61.59000015258789,62.35007055295591,60.67544119945888,62.38971053974956,60.60677871060943,61.55868752736435
60.50999832153321,62.4025521624535,61.78415491090391,62.484698281440615,60.64458249628888,61.476287948588855
62.84999847412108,62.74694771885424,62.570274831641655,62.8716071003314,60.8024593167479,60.82927344235306
62.2400016784668,63.1985010615208,62.02374026015968,62.973643409443866,60.811965795974174,60.913481842276745
61.970001220703125,62.47380491667491,60.61539565421026,62.23928174854018,59.67807376032124,61.14010748883813
62.43000030517578,62.21752400211335,59.95609423666974,62.11744677674324,59.29161301300428,61.547339425455014
62.47000122070313,62.41167776447946,60.07865650218218,62.50619111952983,60.90504921417096,61.429659649578774
62.56999969482423,62.84189327062722,60.65366402493055,63.04088246987885,61.26484959551544,61.477812760262644
61.08000183105468,62.85239641127191,60.48716166719896,63.13990797106453,61.10686685654582,61.66355495651944
58.65999984741211,60.8774074061057,60.27345685414184,60.963712025279165,60.87553365060194,61.34398209401663
58.95999908447266,61.13705860417667,59.489555827708045,61.36182240219932,61.15407276464157,60.51470962302985
57.880001068115234,61.32641030049308,60.64312333867747,61.64407633453448,60.817613375515975,59.65352578202194
57.91999816894531,57.63633838644456,59.80119570280295,57.924043804301625,58.97206399041898,58.78303346910527
58.540000915527344,58.18363271035287,60.12698877228013,58.533280246588674,59.49141677182888,58.31238229870225
59.61999893188477,58.458531169988646,60.48926401992412,58.78849251928386,59.3186263439643,58.020262594096515
59.459999084472656,59.854306424796505,61.09523956925568,59.928006830678896,58.48270410296664,58.40241903138442
60.09000015258789,60.456839620817846,60.919094213999415,60.58643294385456,58.94620019043214,58.82187319705374
60.09999847412109,60.19674535557351,60.50396086880573,60.343479725548605,58.59903798439154,59.20995700210417
60.580001831054695,59.8823350317507,59.4407489810701,59.96586171952367,59.10902993966829,59.383855921431426
60.79999923706055,60.14361614619111,59.48757530094099,60.26857356287974,59.452917735410665,59.71051183290094
60.400001525878906,60.39511833121651,59.400990386478725,60.5583099736532,59.138951276087255,59.88245869863615
60.97999954223633,60.61906238913889,59.80691594088103,60.7116916920877,60.15800156730893,59.918424774525214
61.52999877929688,61.15830684355387,60.85304847242014,61.335512422506326,60.37211271989918,59.87265177782276
61.91999816894531,61.84182865170442,61.985303103965634,62.10573967937307,60.809050438815575,60.109188291028225
62.15999984741212,62.15163526094784,60.46250506139359,62.253498158988805,60.89302118403111,60.61450662367226
62.20999908447266,62.32791912555695,59.72129255533218,62.52176988124848,60.92311561107636,61.091831607488096
62.0,62.15123319625855,59.41870245337486,62.38227358460426,60.71716131269932,61.36577716114564
62.869998931884766,62.210475824640525,60.88380689572432,62.20867427422945,61.35711742592321,61.36723813207302
62.54000091552735,61.82405665412443,61.399956895776086,61.82822381504866,60.71041684912234,61.56860166789286
62.470001220703125,61.81214369711233,61.1604111054703,61.83388641998954,60.52930165405815,61.71213694606379
63.09999847412109,62.57952663422838,61.93656400420513,62.6509661370228,61.41927237621348,61.80662288768783
63.43999862670898,62.741507847713365,62.485396928600494,62.84412429754866,61.3192343244782,61.844735813292594
63.83000183105468,64.08643617490543,63.91754270848605,64.25335690877591,62.37890560536107,62.05593327947238
63.81000137329101,63.99372956888783,63.04863769644726,64.07986321705948,62.43551274430956,62.447880268151515
64.55999755859375,63.57206552660091,62.78077809601382,63.74170498433568,61.77177057153085,62.682684078021815
64.7300033569336,64.27206488244337,63.35605048788239,64.5069796394364,62.30862677660298,62.84830825444944
65.0199966430664,64.93511310056783,63.271433149346194,64.9571979651646,63.27114671445452,63.01403801364997
64.44000244140625,64.30517275554666,62.1071456164691,64.39640991772012,62.37606088418943,63.181969460130425
65.06999969482422,65.04262190874213,63.27985730778436,65.19270411175056,62.94235226167074,63.214692753490475
65.95999908447266,65.26889562606812,63.685423374176025,65.28056597709656,63.72275519371033,63.271691081436096
66.20999908447266,64.39485471988974,63.29026213206362,64.44179564809929,62.591794800191565,63.381950598249226
65.25,64.80369298455435,64.71250038700873,64.92760018561648,62.766746111205975,63.58098803918076
65.94000244140625,65.36635579188442,64.52697109219116,65.4329157859238,64.08313717880083,63.58288034438194
65.05000305175781,65.83562532633641,65.67658696303351,65.91764010679344,64.43615861874423,63.645202826883654
65.55999755859375,66.16615620130824,65.77745106431394,66.27252314416273,64.46455377403527,63.64612115146658
66.19000244140625,65.55394026972863,66.10146332898694,65.65737855433326,64.29729724097797,63.69309484528414
64.61000061035156,66.934068396763,66.68522874135078,67.13634364562722,65.4052407415088,63.63102936271027
63.43999862670898,67.40366935935799,66.24232726748596,67.7184267420671,65.60446251110079,63.53475997254238
63.08000183105469,63.65926564374241,64.64707599768737,63.67196871413399,63.97953001982752,63.29112240400584
65.02999877929688,63.17316986833839,64.95948081136066,63.15718611628654,63.12572521709399,63.01496615988619
64.51000213623047,62.23659392693526,63.04015433922541,62.27904451469931,61.75645866393597,63.00958716776588
64.73999786376953,64.75661743422732,64.58955404707466,64.80123410256054,63.87424883143921,63.11565938639162
64.61000061035156,64.11978356662348,64.27423709633194,64.26392387126134,63.056571677294414,63.27221653988729
64.01000213623047,63.93674128711064,64.6759688373968,64.09907201073293,62.69078243364129,63.22764260335773
64.30999755859375,64.07154918042579,65.30999678589069,64.15123320109615,63.67499707830575,63.181173906213665
64.51000213623047,64.23182843074756,64.68356372151902,64.35409335003351,63.59191478418143,63.16536349982473
65.72000122070312,64.50205525648016,64.15652054608927,64.66521178654148,63.49790490889973,63.168801078477394
65.95999908447266,65.96271297787098,65.19745524828795,65.94544172567475,63.55209178705991,63.39602502741857
65.77999877929688,63.4794632452531,62.30984468941188,63.47131661355661,60.8957922185914,63.52750913699858
61.20000076293945,63.83058686322784,62.23192940399713,63.85336648972043,61.10762375357808,63.59798932103151
60.00000000000001,61.99714570013839,64.7726383479835,61.79333150932735,64.03088551428027,62.775558450034644
60.97999954223633,62.38635033792889,65.65570692402616,61.99646818625297,63.75362721120837,61.64497729931511
62.86000061035156,63.277845249363054,66.3916502893062,62.90587660703295,63.47475094168203,60.72739179579914
64.0199966430664,63.02848337265914,61.07484037177073,63.2196899269843,61.76382504198728,60.9801233968142
64.06999969482422,62.9416017759213,62.211355770185946,63.31546805405833,61.30888815178787,61.84097412008125
64.30000305175781,63.518227165106055,60.92349148485118,63.997200298694224,61.73082965909862,62.54370604697899
64.68000030517578,64.41408897414111,62.08003096321772,64.30972402136557,62.21598410002479,62.83859382087123
63.380001068115234,64.95733356355049,63.96315837356997,64.78668481667046,62.71341447841223,62.94061869986901
63.06999969482422,65.17924608457406,65.48951524571976,65.06621469866332,62.88411099679706,62.789379153160574
63.72999954223632,63.16251089399248,64.77106639460544,63.26252944548469,62.77186900408833,62.588359375206004
62.970001220703125,63.9713722171341,66.32241407198671,64.1618591141264,62.982990636094655,62.3443592239687
62.869998931884766,64.70881096613086,63.54167412939206,65.00110862163639,63.47276229818818,62.29708433278349
63.25,62.91204142497918,62.84467103131101,63.01197134603535,62.643999230909685,62.21429352481848
62.889999389648445,63.260281035583375,64.16829367144646,63.43348353073316,62.896588399986285,62.1407980932245
61.79999923706055,63.36826857411961,63.54060180970828,63.64933534530519,62.80083258474588,62.13524967758487
61.40999984741211,61.988784193992615,61.51249861717224,62.06617140769959,62.36775279045105,61.90152133875019
61.34000015258789,63.00564528830864,63.77077797670654,63.09662330480842,63.22988635047796,61.39830893226647
59.22999954223633,62.902822933740026,62.39712660580335,62.9811040990553,62.83888586005014,60.86070273289172
59.66999816894531,59.66099486047642,61.10432486011268,59.55102494556013,60.8572630400231,60.15760085705326
59.06999969482422,60.5919628511383,62.60293771038413,60.38137021082411,61.1971614105696,59.74350685866877
59.43000030517578,61.27478535570844,64.3459571833,61.06086860084815,61.37994004417464,59.13419604248386
60.70000076293945,59.18497849252526,63.12069783262177,59.35374517295804,59.02097893151768,59.11341096870185
61.150001525878906,59.46679343413052,62.49338792709159,59.68908914459075,59.05132443617436,59.38120653045555
61.880001068115234,60.45722924965594,61.82346929408232,60.7185020468969,59.53134759845853,59.78200692110752
63.040000915527344,61.86254395276865,61.20254717116632,61.97495672600871,60.32458859663939,60.36531982102499
62.90999984741211,62.32119964585809,62.01863596914791,62.487380820139606,60.575917517509424,60.97061849183958
62.27999877929688,61.96190776496224,61.57530345553823,62.19405701949654,59.95693803968607,61.678283344103896
62.72999954223633,62.47651052737638,61.61553191434223,62.61172577401567,61.73476396873184,61.92866347762631
62.90999984741211,63.59858524739138,62.016214351557664,63.80959791307214,62.73169244001929,61.930060607807285
64.37999725341797,64.17241723315101,63.27659094336741,64.45421949430238,62.7835169014279,61.858150554749066
63.27999877929688,64.61863455176353,61.308747723698616,64.68426485359669,62.699499517679214,62.238798549785336
63.40999984741211,65.54001271435845,61.3071372474551,65.68971506980233,63.45599038106229,62.37266850264451
62.90999984741211,64.72756049908457,61.35252194045552,65.00444110716217,62.66386922728452,62.58172075605082
63.13999938964844,63.2156277075228,62.25711669823795,63.24928455851477,63.068687202721776,62.33036336802572
62.93999862670898,64.0338899836388,63.50336285695085,64.14215897397662,63.58723058994656,62.32753145799281
62.66999816894531,62.76173243087942,61.98493589782447,62.91069898430578,62.00183818320238,62.20000220080558
62.380001068115234,62.98952636263379,62.83840596547633,63.00646666988427,62.6688365149539,62.10709672689065
62.18000030517578,62.85798579286802,62.21813263060267,62.85695935078729,62.11069835948638,61.88028774280112
62.5,65.01544018534332,64.69019747537459,65.01496342627615,63.92494103121862,61.61017754475463
61.650001525878906,62.69472473689802,62.8548998910469,62.73387934704033,62.23472439562784,61.54009350073786
62.52999877929688,63.1345229261392,63.22686411962923,63.22611551154159,62.41061118778862,61.24631639213887
61.5,63.2078464757069,63.26182672955565,63.36112621200482,62.18518696580486,61.40965785264691
61.36000061035156,62.00189110968313,63.175101472886126,61.98250941901097,61.8906981976852,61.25396500464105
61.59000015258789,62.49107956638909,63.19924706682286,62.50911465269383,61.98746559317442,61.230716332824635
62.18999862670898,62.97456696134532,63.0572365202238,62.962078090311024,62.17715562188232,60.93082851893498
63.20999908447266,62.50383260952003,62.73135242632998,62.50889365430703,61.26071544232218,60.98353805827585
63.0099983215332,63.00287312320597,63.03338959941357,63.03030335439644,61.40858971475837,61.421502766518664
64.05999755859375,63.06463758500831,63.19992848415859,63.11940714885896,61.10354295348952,61.87108157978083
64.16999816894531,64.34391926870057,62.32558914634092,64.2821035769357,62.389710250427015,62.39445865894688
64.5199966430664,63.25247526168823,61.08201026916504,63.161258697509766,60.95083236694336,62.65117866967014
63.63999938964844,64.34300485470612,62.4492653092716,64.29143585580277,61.91411518349378,62.92055306219074
63.91999816894531,63.892327101717456,62.37309571985497,63.94873813971026,63.39930002497749,62.84986334955422
63.66999816894531,65.23244963248817,64.48151317322208,65.32240540350904,64.517542798656,62.854718520165555
63.380001068115234,65.50398521932402,65.3065343869439,65.60931727987463,64.57593117353736,62.72449731150484
62.970001220703125,63.68912831029775,64.003139159895,63.75119692462704,63.38225372250236,62.66077442493772
63.04999923706055,64.2636934618381,64.62031751366112,64.3748474082854,63.529025708966856,62.454052358775265
63.650001525878906,63.15488161780536,62.30256247731245,63.31680699241952,62.15682095135208,62.31268357362662
63.220001220703125,63.93293895899933,63.18684516730991,63.94825420431516,63.21355098535696,62.355624660296165
63.70000076293945,64.73008840200191,63.95319031793497,64.80062847798945,63.74910652027711,62.3844634897787
64.5,64.04048121262531,63.18833845323388,64.14357698212189,62.98698867711573,62.48556922572245
65.02999877929688,64.77074921597386,63.221589730965206,64.7136471888125,63.49280000224599,62.64560979225282
64.87999725341797,65.29372116923332,64.3890885412693,65.25417393445969,63.74943369626999,62.98040867277361
65.22000122070312,65.00509587500164,64.69324766197133,65.00592805000997,63.38942434779892,63.22340865231718
65.16999816894531,65.44027695930163,65.13809922388873,65.44933853412567,63.654137421606265,63.355363382784184
64.19999694824219,65.16326395055876,63.91507245037383,65.19753919852428,63.100219059559095,63.3572065797189
64.2699966430664,65.17813754082817,62.90338405521197,65.26440803073547,62.92029740011412,63.21530333293688
64.36000061035156,64.57663762728771,64.79626981963247,64.51157266707241,63.65071699540567,63.03012178938889
64.66999816894531,65.22560644029363,65.54341791130173,65.10937645671584,63.88336352651277,62.95523331996949
63.11000061035156,64.6338945959651,64.46071824745832,64.53112813273947,62.90852496786647,63.047544583860166
62.72999954223632,63.50088697378124,64.47072731699154,63.39188319333334,63.17517211572249,62.81042695616818
62.1500015258789,65.01722504558484,65.75522509014672,64.77648319361333,64.21305174474764,62.385442381223605
61.709999084472656,65.65683383862688,65.96337083668004,65.34880975233318,64.43914912801847,61.87554142884712
61.99999999999999,61.99532056530688,63.55073589824633,61.98789963431636,62.26091022672108,61.47163985116779
61.150001525878906,63.36623257157135,65.37367209962667,63.35330685116878,63.4202500589281,61.26647942787897
61.18000030517578,63.45150559532431,66.15151238012868,63.43679166189213,63.1764555328582,60.899458976787194
62.31000137329102,61.41887760896498,64.94817811504619,61.407689106872574,61.39155227256743,60.77536075048376
62.119998931884766,62.11290013525195,64.50743009223879,62.09128498007044,61.64001767179048,60.85645568631346
62.31999969482422,62.48716924710311,64.14999746379499,62.50924389697957,61.61940339878311,61.11353091349748
62.5,62.52848890216456,63.09935564617035,62.58119102403498,61.76755069314595,61.40550083789051
60.470001220703125,61.695209199959216,62.380161011888056,61.76191693373404,60.697550270306245,61.51846867559927
60.790000915527344,62.054822724146334,62.03797735663602,62.15176768188462,60.8478561105394,61.08814357667645
59.52999877929688,61.10002854667027,62.28731623383396,61.06069764764629,61.140488113880565,60.56040732039039
59.540000915527344,61.69658572638582,62.18602450220078,61.634654603250965,61.12620670596334,59.7529806617413
59.9900016784668,61.73356351862139,60.726731584679776,61.753821706427054,60.8756405196002,59.482401479750045
59.900001525878906,60.33133202114004,60.98337998549687,60.31965508890789,60.02883746830594,59.28203484173948
59.400001525878906,60.30581186676886,60.54747595152662,60.34771899796624,59.46063080795693,59.29399597850854
59.2599983215332,60.274864018149856,60.0464609935475,60.38622471525059,59.30749695083341,59.257083750018886
58.59999847412109,59.62170660495758,60.6866218149662,59.59014967083931,59.44666638970375,59.12517239852061
57.869998931884766,59.0685838000818,59.67272545867809,59.03056978954601,58.42599819965608,58.81375068978016
56.380001068115234,60.17664695803979,61.14774468020915,60.13122132692661,59.12482071848354,58.39554223713687
56.97999954223633,56.61847972869873,61.05789631605148,56.59978473186493,57.61773097515106,57.67942421527143
56.56999969482422,56.87189455336375,60.3915074442848,56.811851985513385,57.17770312440644,57.21362739700864
56.02000045776367,57.50025212585979,59.370828352437,57.44830676721631,57.10208269199484,56.84006572482351
56.650001525878906,56.38943342798824,58.298423473938776,56.43587237845508,56.96091275377625,56.67700581837655
56.77999877929688,57.65634293672656,59.95226390967537,57.72740382029224,57.87932513984151,56.572989599173546
56.2400016784668,57.82263751675487,58.8710755371892,57.9347635989302,57.66795948311256,56.61774523628903
55.02999877929688,56.53331394151246,59.08464986212493,56.569121709446335,55.09725749795325,56.643879837231474
54.5099983215332,57.02771726842002,58.89424575660541,57.0156843534096,52.88370143849079,56.141172427421246
54.38999938964844,57.77488452719808,59.81538150708048,57.748241576618966,50.160661519430505,55.417652971328174
54.47999954223633,55.06280955434522,58.59979681318964,55.00368053612874,51.215383570145605,54.79448052846194
55.13999938964844,55.83135172172842,59.11843254969335,55.78182264752468,48.9882281432283,54.59546273083699
55.869998931884766,56.09589721765588,58.84223347302304,56.064421258544826,47.33063956102978,54.73990405652423
54.97999954223633,56.075237379947794,59.28763689416223,56.096158517633285,47.83496866254882,55.16109911023978
55.68999862670898,56.10241097905782,58.00430422931822,56.10488816006364,46.88665206904079,55.33765151289847
56.43999862670898,56.49245531745373,57.92733261227431,56.52930697940519,46.815015724058185,55.59192347653836
55.959999084472656,56.73867233516376,58.58459725455623,56.72724530194228,47.994958424779725,55.83289610314798
55.08000183105469,56.78396614998928,58.15908615711487,56.7855789420355,47.06045420796545,56.166693175032854
55.959999084472656,57.58712713549539,58.60333352541125,57.62282859556922,47.29632459901654,55.94074358560649
57.56999969482422,56.19676512479782,59.22685745358467,56.18498173356056,48.155728965997696,55.78179322259168
58.95000076293945,57.23408490211841,60.172451811420615,57.18088556718431,48.3176360495836,56.17968722233993
59.38999938964844,57.53641242597496,59.11885760854239,57.54836191696995,48.17064501449795,57.349638470285775
59.52999877929688,59.364609581311015,58.895340278981166,59.36301185374396,51.0831483233469,58.36965399599787
60.7599983215332,59.68178541523503,59.34356381097314,59.681466891598575,49.12345325613387,58.96348015729475
59.84999847412109,58.97844656492634,58.10481436615919,59.18027387876919,47.71988584655628,59.300029747515076
59.63999938964844,60.041968690457,58.872321143746376,60.1886573133761,58.44890005892785,59.40736650400233
58.810001373291016,60.39141005805595,59.02157665912091,60.63791754053818,59.122444518010525,59.43727343828052
58.77999877929688,61.05784539794149,59.16800014398086,61.35263610993843,59.4168629124988,59.09316772279319
59.2599983215332,59.11435429404264,58.84550922799463,59.19136653746227,58.823921123418586,58.76012773668301
59.4900016784668,59.084445274253085,58.48356938540269,59.2272040080336,58.21202455837329,58.718387347128576
59.59999847412109,58.77331468815328,58.52412887850278,59.04996142822938,57.59931823763509,58.902784795355295
58.77000045776367,59.80186161309166,59.46347065443842,59.92366896954945,59.11302990415106,59.20359748159674
60.880001068115234,60.223257422447205,59.55293655395508,60.41041910648346,59.40926337242127,59.077746908651555
61.31999969482422,59.56485293724472,58.45240158859906,59.76672152107358,58.54003773971544,59.30958539769838
60.72999954223633,61.45169479267224,58.19234188139262,61.43300955183349,59.76072060949946,59.69431674509135
60.630001068115234,62.68101909859115,58.92583601168735,62.71000288533605,60.9323467254992,60.09562704324346
60.52000045776367,62.59327043673238,59.35810313682168,62.70252795171473,60.71642419844238,60.08360370267021
60.709999084472656,60.69416586718398,60.23123493263756,60.81881912012887,60.30222763095935,59.8735087170726
61.13999938964844,61.10972911119461,59.69403684139252,61.34616583585739,60.45705825090408,59.8197744519048
62.080001831054695,59.36384371670283,58.95640723391625,59.688345418886456,58.38807871847712,59.987737818758454
62.34999847412109,62.16345969361282,60.98914113344654,62.27899435497693,60.838409090771165,60.42991192390857
62.630001068115234,60.963667926000205,59.38699662621003,61.169878861655896,59.59780611256793,61.05094160941464
62.68999862670897,61.000527399586645,58.42374230098903,61.297432175480026,59.54279031996248,61.61568258142554
62.70000076293945,62.86757527177133,60.694067912727405,62.91752755965081,61.45092552696315,61.95454517099645
62.47999954223632,62.82337101992289,61.45308285139527,62.93420084099489,61.12840524464809,61.95012379007223
63.61000061035156,62.372894911840376,60.91612128337693,62.51811271571114,60.577612549514924,61.80969051739978
63.790000915527344,63.26519783119875,62.28392536419915,63.39502631396408,61.45121601574101,61.75017620926885
64.3499984741211,62.61046828317557,61.41661827382631,62.8189973447852,60.887929236918346,62.17427929083035
63.470001220703125,61.82466584416625,60.87688908868358,62.16228535716846,59.73221820732033,62.59191399522708
63.43999862670898,63.61633497595904,61.996616233897385,63.69042077801032,62.424664547518205,62.78925965637884
63.540000915527344,64.29472851598803,63.93519909516272,64.39492535117779,63.33796455282254,62.64726310389053
63.810001373291016,63.855253263749546,63.41689451696311,63.96251807039516,62.86877580582586,62.48078689903971
63.139999389648445,63.92039169329973,63.02479778291672,63.91136957418075,62.96223062227591,62.54075218475102
63.970001220703125,64.62570040251012,62.57298226812964,64.65453659398736,63.96508148942394,62.43570632889443
63.9900016784668,64.73053799941046,63.09280962008416,64.81136308569695,64.20668097503587,62.565552677787785
63.9900016784668,63.99404278055045,62.944419479189946,64.01414236382243,63.31149499063349,62.583578685465476
63.11000061035156,62.55246372940747,61.524976973702,62.626454951339845,61.87823766180009,62.84881488806516
62.75,61.90198137767811,60.88341098710771,62.03744073219923,61.42236324960322,62.692616224914694
62.84000015258788,62.37651538708087,62.66392248763259,62.48987802714328,62.21790235437402,62.285096186467875
62.790000915527344,62.38963247328911,63.5839166257756,62.64789363673799,62.23464070480077,62.0300998758976
63.79999923706055,63.13913042512468,62.89816348071327,63.5206521084092,62.865258040746994,61.91327294691566
63.34000015258788,63.922767852373,62.82666167191792,63.93728047802824,63.35259949207284,62.272012107338945
63.81999969482422,62.93031251009961,61.72177087415821,62.95475284850773,62.286939772326605,62.35339596346969
64.20999908447266,63.70247036487398,61.79814721423053,63.72723959772838,63.27031330727822,62.625891186324246
63.56999969482423,64.36754818700591,63.72715403468782,64.26748681096159,62.546097425661166,62.72403323838673
63.950000762939446,63.81508477711213,61.95879906376831,63.68847678415023,62.14465177908096,62.7702408432474
63.61000061035156,62.75751747381764,61.66088241996658,62.66390532909645,61.27647314643764,62.74678427976962
62.95000076293945,63.84079462509544,63.27815988488783,63.77967536530741,63.77942186914152,62.609385897964806
62.91999816894532,65.75099040463101,64.97438018092453,65.65431989437457,65.57884881661721,62.376544781810956
62.20000076293946,67.36493914885295,66.22304486508483,67.26323176652659,67.16340069671878,62.12406363295488
63.400001525878906,62.49765959764591,63.70897767992756,62.457885058584,62.18997684700662,61.861421165295745
62.61000061035156,62.7572375339114,62.95561390170406,62.73000815267006,62.0540282959737,62.05525476692403
62.130001068115234,64.17427006349635,64.58759353077721,64.17285764803091,63.16064829393554,62.05870544111442
62.00999832153321,62.294866368427385,62.70251320480565,62.32755745293252,61.863197078638215,61.97471311756319
61.209999084472656,62.23996701440774,62.906943855230566,62.23400913444857,61.43483561109497,61.62487401196588
61.43000030517578,61.51774344806745,60.86250954652496,61.5124503707134,60.38242392516304,61.21690054052535
61.680000305175774,61.42016318798779,62.60104541234251,61.47394985564825,61.105795671323,60.903354899260215
59.810001373291016,62.044048557104816,63.60828467927695,62.14953331630886,61.39477898511677,60.754653431456994
59.720001220703125,62.37936233685605,64.07437118590133,62.55221691545967,61.37436763357982,60.360950003780566
60.08000183105468,59.78883180134834,62.12801902974479,59.83739361155221,60.18053058091663,59.942247194588184
60.22999954223633,59.16684435676689,60.718475697912254,59.267981962268095,59.31320524042758,59.44991881689568
60.54999923706055,61.45934246125989,62.714099525205256,61.64794211781282,61.34220702982248,59.43079114710692
60.93000030517578,60.83141603474587,62.44341645635359,60.87231865628837,59.96451510627139,59.57772962814399
60.810001373291016,60.4312763683663,60.71588960062172,60.46838283616808,59.233552997067136,59.77657636530741
60.4900016784668,60.5002790380513,60.71332152513423,60.51678339818341,59.09155763657645,59.90955500313023
60.63999938964844,60.64628387546691,60.91081242856944,60.66608780494562,60.32132628290583,59.9171708767881
61.31999969482422,61.00146267332184,61.01129078529903,61.03698283060021,60.48285245522675,59.84687075639888
61.33000183105469,61.6349730060756,61.71233267689604,61.699023956440215,60.82315563518205,59.97963822867589
60.27999877929688,61.62346048915879,61.12277878798977,61.65750284856131,60.62212668887241,60.176770268868516
59.83000183105469,62.07297434888732,60.422346564618685,62.1635009066208,60.8236194030469,60.136693831076194
60.16999816894531,62.54399185033981,60.64992253979744,62.67251291585944,61.02923289608839,59.83507495079359
60.06999969482422,59.95599582760382,61.86712498619704,60.204043547728354,59.96423506389737,59.539175546612135
59.720001220703125,60.20259064377319,61.16592785637522,60.54631317617486,60.03772356846957,59.442732640569396
59.619998931884766,60.199041545413365,61.18624038690496,60.61066611705883,59.70016135345077,59.38112632028699
59.619998931884766,60.1086254904476,61.43465152620138,60.0460854981111,59.47142657004406,59.32169304079573
60.59999847412109,60.60221489265041,61.57694184584125,60.49955602334103,59.42529559308423,59.240350926691484
59.59000015258789,61.4158151696497,61.922177971353904,61.2996437647048,59.79337763266176,59.399639318273806
59.59000015258789,59.64321080894479,60.74294106245361,59.66962824426446,59.24098331960522,59.388937808539616
59.220001220703125,59.84531458529886,60.78660200140802,59.910270075912415,59.22520858828533,59.38530461529219
60.119998931884766,60.25597160256666,60.85916019630076,60.357868349001365,59.097079321502406,59.12422624592002
59.79999923706055,60.15411228239304,60.420184809925104,60.26417427478441,59.22999926783382,59.18273219764617
59.97999954223633,59.863136954989386,59.905389064823794,60.00839057850135,58.51986082966869,59.221974613379665
60.09000015258789,60.887607295106136,60.98682300537439,61.11878016693481,59.21246664505452,59.374719328455306
59.84000015258789,60.46206093892238,61.18714829841565,60.4729196853782,59.52509643704502,59.391902310891986
59.81999969482422,60.72521485944208,61.18276589599986,60.78223948826576,59.40388429712016,59.42708838381534
59.5099983215332,60.145354621348815,60.24336062877592,60.23713886105179,58.4977710939429,59.47955811112163
58.86000061035156,59.94806922972202,60.17775064706802,59.93759669363499,59.51140935719013,59.348323635229484
59.720001220703125,60.31188851457887,60.38565723776901,60.29215692616731,59.41918021563538,59.0766673452604
59.43999862670898,60.56793267288367,60.28234046379112,60.51030449225482,59.22126411420095,58.94075039616066
60.36000061035156,59.73659586997201,60.52315831526653,59.77261196422592,59.05545018624571,58.93007916985746
60.0099983215332,59.54810964982176,60.43764067427492,59.648141540931874,58.587979426857146,59.23898162452817
60.040000915527344,60.28199714683524,60.73330376312924,60.423386848717655,58.95359431805673,59.33979516628643
59.459999084472656,60.11769290738948,61.16342943005475,60.22601455050881,59.447348688202965,59.4766083412492
59.209999084472656,59.80099555573224,60.261912852313344,59.96608900488991,58.87262861063073,59.373342660052025
59.810001373291016,60.44443317641844,60.58959860964978,60.68915684803255,59.13446799136045,59.21422778434455
60.02999877929688,59.52577702716098,61.046804995976345,59.69379140851288,58.9280850312889,59.164655444759795
60.43000030517578,59.23850119384042,59.72340169214704,59.44847690987672,58.3976152762375,59.24411589378726
60.29999923706055,59.48780277465176,59.65024431445727,59.74732520514863,58.17547059991739,59.478630783356515
60.02000045776367,60.31275906632118,60.65342175255614,60.44576977723841,59.7866072954746,59.559853400679025
60.59999847412109,61.63738173772572,62.01673008450598,61.896302997638486,60.94561375432932,59.59673289032437
60.31999969482422,61.06042584458373,60.66067414231202,61.42212390456916,60.21070670888366,59.661248875394925
60.04999923706055,60.5005436158192,60.18934582771431,60.58339242600891,59.846563134276494,59.68761755907419
59.91999816894531,60.54800493382936,60.22709983942809,60.72871017288321,59.9830806827822,59.669686494045
60.900001525878906,59.96594202769893,59.747282455387904,60.20799149402637,58.99838992923378,59.52795021536897
61.34999847412109,61.11642464064744,60.0258355672936,61.11503326557568,59.98549301323919,59.59191291397067
61.41999816894531,61.56367855014469,60.17593501300507,61.609012417442045,60.08209820910452,59.88980038447291
61.86000061035156,59.78205213482579,58.79566860909813,59.91926720989295,58.247913444534106,60.31273223387918
61.84999847412109,62.004809144946194,59.8256498358387,62.05517733578745,60.733608557438856,60.8309717699017
62.02999877929688,62.476066166469536,60.69665815325425,62.57706602077451,60.91672066377578,61.130134418389865
62.4000015258789,62.71268427511632,61.1840172409029,62.8662711300758,61.01098701241108,61.28950302014075
62.20999908447265,62.461776697388814,61.65090004606691,62.5202001800244,61.521890544566304,61.3862945948754
62.79999923706055,62.96995417782182,62.26986924365701,63.09853853835011,61.76035471378418,61.505372319403726
62.84000015258788,62.932071656228345,62.454956518605286,63.15171990318549,61.51286126531977,61.75117392554923
62.68999862670898,63.04582908569682,62.23773171863695,63.09282297800155,61.82193997025843,61.92358568287366
62.58000183105468,63.26373986464387,62.628078059213294,63.40486872751171,61.74878228025227,62.032185340280215
62.68999862670898,64.04327876643038,63.44040826219043,64.26198407139509,62.34907471144652,61.973360184822035
63.150001525878906,62.886156109540025,62.58898158613556,62.93228918806199,62.19188617776126,61.86558800170544
63.04999923706055,61.938074426452665,61.25791841433966,62.031577823454434,60.980972447505344,61.936570726998546
63.45999908447266,61.58363273265422,60.88914006255982,61.72145001120407,60.471159221482594,62.085600401715986
63.56000137329102,63.557657790805024,62.42391425664755,63.59878675636173,62.018133328940166,62.285184581347515
63.68000030517578,63.52915216953534,62.07621231728808,63.604427571222,61.77646412101694,62.397193170917966
63.959999084472656,63.20686826680685,61.9691990120009,63.33656546832572,61.24959240702083,62.526690851119405
64.05000305175781,64.06095470101718,62.84562784614991,64.09248249624397,62.38065683187415,62.61585509360068
63.95000076293945,64.1174573998569,62.95181027642229,64.20052702803787,62.28799951303472,62.69321125341005
63.84999847412109,65.21506762804982,64.11944156368007,65.36476507110363,63.17185862741098,62.76384612848235
63.54999923706056,64.04238176174613,64.00836223064744,64.05079252073983,62.776306800656585,62.820810080641444
63.68000030517578,64.13829567047333,64.27020393377916,64.16458639601024,62.60575450954184,62.75184734204233
64.1500015258789,63.811682459589065,63.90349222300574,63.87206299834361,62.05307191251268,62.67920639428487
64.30000305175781,64.30551105215682,63.77061227988361,64.32324903649896,62.80222583773775,62.700562760900105
64.01000213623047,64.03383600078587,63.21314263757631,64.10059642073338,62.3113815225629,62.90259826149943
63.650001525878906,64.25917080712816,63.039908984196245,64.38074520090322,62.32708677407936,62.97813168615178
63.72000122070312,63.75862705089412,62.87796547882408,63.80164974797526,62.936138526275954,62.854435329162264
64.0199966430664,63.5780598545025,62.79997509757459,63.643538103265655,62.49296421727513,62.67043729483614
63.919998168945305,63.64305353598502,62.92774719083354,63.74181213523934,62.300025011762045,62.69790191132872
63.38999938964844,64.1405451517603,64.07110057006457,64.15057627225451,62.77275150394871,62.79340848642416
63.49999999999999,63.516704493173165,63.103942519326665,63.53058344438978,61.90352550563148,62.68915654754212
63.86000061035157,64.52922015483637,63.90592180225213,64.53319265667233,62.64935112742023,62.49929907855542
64.11000061035156,64.05701379599348,62.55308108766757,64.02208080195804,62.64464379536047,62.45699967323437
63.93999862670897,65.10983293567915,63.37468784519661,65.11109214341741,63.41777433626339,62.65952953038279
63.22000122070313,64.7541716834171,63.19788783812919,64.80585036811362,62.86034533276916,62.82222439871568
63.1500015258789,63.383946498363,62.7666414581272,63.40992759121218,62.74491181683516,62.669651562572675
62.79999923706054,62.8957483120239,62.11541719639536,62.911810137528846,61.97417803707867,62.3977227217247
62.830001831054695,62.77086100675206,62.13594543581985,62.79163382475781,61.52818346015374,62.08177323081602
61.5099983215332,63.06476149164428,63.668186976090055,63.04846965238585,62.34691524727759,61.984145997080326
61.40000152587891,63.43743468508183,63.644225475010906,63.41952288291578,62.33833129599589,61.65321521101489
60.88000106811524,63.97991905693834,64.21625469450919,63.96924299954571,62.56908023364758,61.264360406180934
60.40999984741211,61.237780284937344,63.08361867720578,61.19530450164984,61.19947372728984,60.64910257892691
60.2599983215332,61.12653364310199,62.88772252124227,61.10574853771504,60.69910458605864,60.21541028986669
59.77999877929688,61.88333510505344,63.20404914021128,61.88159410110711,61.245650871232094,59.84291508553499
59.65999984741211,60.00016435784983,62.961519304262765,59.98617484261604,60.350099983063046,59.58284834645203
60.0,59.919259648195975,62.52013884624694,59.90085509906953,60.02697744398756,59.46016689363616
61.15999984741211,59.9911497952653,62.01914614938505,59.97355653599152,59.693078696509474,59.60899195057666
60.75,61.34648204968471,61.85148419141569,61.296418152251135,59.57927583723176,59.82823662468811
60.310001373291016,61.88785444948461,61.82987310288899,61.94408787203428,60.55384101165645,59.97329016676397
60.220001220703125,61.99216291390803,62.6250549529359,62.18493949040203,60.19743487903361,59.85845539645836
60.369998931884766,60.15772026289778,59.85384802984663,60.327144500390204,60.0039811332681,59.72763179306232
60.470001220703125,60.36750144741608,59.77631199409415,60.593103389157925,60.01655690126835,59.66617443452153
60.209999084472656,60.80160099778005,60.49490085821345,61.048549459221256,60.01188132144853,59.62639510174133
60.45000076293945,60.42081961560416,60.17387098590825,60.46459612882063,60.126192895600525,59.6223616761222
60.86000061035156,60.43919314189088,59.79875024410194,60.53309094989527,59.92994687336432,59.634837631218055
61.22999954223633,61.2370491456129,60.36399927714524,61.386543934827614,60.39539700091541,59.71489474568309
61.66999816894531,61.24677177280751,60.21283728915296,61.36263679860917,60.361348580063805,59.9280630902904
61.2599983215332,61.28282300991827,60.14611854046188,61.46664205310412,60.32376095888889,60.348503513644594
61.43000030517578,61.346885429303256,59.36687697784328,61.60290174367128,60.17051814181832,60.499613741918004
61.84999847412109,61.46551359534418,59.90957212161242,61.572298581646685,60.78594288049839,60.603012833905744
61.20000076293945,62.10996145477202,60.91123726322894,62.31618155312435,61.43808149135202,60.67185525725201
61.220001220703125,62.20934089843422,61.15612596180927,62.51670991529613,61.10257342430077,60.79988050793056
61.09000015258789,61.30859021191191,60.45948842681946,61.42888918230619,61.13109589717942,60.67926978701737
60.52000045776367,61.65030875848242,60.934818068050845,61.86172061111847,61.07809805275974,60.420611636710895
60.02000045776367,61.95006125574764,61.53320307656486,62.29860579782326,61.3192931062099,60.176357759430196
60.220001220703125,60.14541773295832,61.84222488812111,60.24476661039671,60.3178295895259,59.91846406113839
60.58000183105469,60.50919862804221,61.24192550511907,60.62860795050983,60.207487561010566,59.67859227816873
61.02999877929688,60.7095419109703,61.396824994025565,60.86057357678601,59.80462884129747,59.555353446528464
60.560001373291016,61.22140814387239,60.65777560948663,61.27927847687624,60.07570799072163,59.77998120511577
59.7599983215332,61.13324020724144,60.264119834412895,61.24722494565344,59.84173009079132,59.81595792112923
59.310001373291016,61.45077351455484,60.35013750387861,61.61655497515767,59.69615531919544,59.72467547542103
59.52000045776367,59.60480091191357,61.36448885133268,59.64192461377297,59.60714480204024,59.37716983095199
59.84000015258789,60.11457017465091,61.44101804634829,60.14735022147761,59.54989333853973,59.180686019876724
60.34999847412109,60.21246507249544,61.27811468305481,60.26892760010514,59.156105701461,59.16555494450724
60.900001525878906,60.61779728713327,60.42134867915138,60.66527714130552,59.38567705064361,59.32400112931966
60.810001373291016,60.92396467336039,60.64717724158618,61.04271319267173,59.38621198696456,59.59549126965387
60.56999969482422,61.40195706624718,60.94303152483008,61.60739690675882,59.55839798480156,59.817389427096735
61.63999938964844,60.60309321845216,60.25437424669872,60.74972594759674,59.9669760787383,59.94551207583711
62.38999938964844,60.335983577570005,60.230216550852674,60.54495969591062,59.48420252626784,60.237286385635365
62.43999862670898,60.73426750302315,60.254993826150894,60.9889720082283,59.35631215572357,60.78279246814238
62.459999084472656,62.57000485856224,61.24404288056667,62.63567205451,61.21286885234895,61.369390711086474
62.25,62.98026984808166,61.05864919439682,63.11836613962714,61.71069266001996,61.70895636733896
63.04999923706055,63.002687740191725,60.67784682127694,63.22233788243533,61.50320603120735,61.68140090055342
62.43999862670898,62.94306824626256,60.63547558920072,63.08742820722182,62.00383166706706,61.711529640501816
62.47999954223633,63.07309479527612,61.946564764508366,63.303958020354,61.963273308808766,61.70168752543079
61.93000030517578,62.8585948460136,62.35958889065773,63.21352986787042,61.43971568806501,61.84053214568305
61.77000045776367,62.159429304130754,62.628901227216375,62.22154320970185,62.00024978186502,61.63913914490333
61.95999908447266,61.037146984724814,61.20987284346825,61.141614012637774,60.594579133933166,61.41637913738398
61.63999938964844,61.12660174882467,61.13746381345618,61.26743895678101,60.28867836813015,61.24397965712617
60.709999084472656,61.85018580231508,62.03474305271493,61.90231614952791,61.58838738730629,61.214825716267136
61.18999862670898,61.47525744526729,61.78853419074903,61.57679765287367,60.935466821058526,60.94665938710161
60.91999816894532,61.44871807125219,62.0268143853159,61.58313668857136,60.790273732674,60.65987038482083
61.060001373291016,61.27281550935368,62.6570126995066,61.2328439177436,60.652789064704855,60.43085807650916
60.91999816894531,61.24982929538373,62.72379672458965,61.25889712878416,60.34880669656059,60.451092319235634
61.16999816894531,61.72865867614746,62.59160757064819,61.74558162689209,60.66325664520264,60.39351451374571
60.880001068115234,61.46960537356381,62.36873365100655,61.43590711047955,60.869853573569344,60.43820467317257
60.470001220703125,61.24954345822334,61.558681190013885,61.20350629091263,60.30530717968941,60.39907438798084
60.47999954223633,60.96455615222794,60.56739310731473,60.925869385914666,59.84033209565723,60.26610475334021
60.61000061035156,60.82516549621869,61.47526895683404,60.78141081040667,60.55128772453463,60.04337584772295
60.95000076293945,61.19918424331354,61.63574831630467,61.14351804199168,60.59330424032896,59.88804230853341
60.43000030517578,61.48831489711301,61.69576358170161,61.435850809044496,60.69734560233337,59.87417004172769
60.060001373291016,60.73559255635246,60.77244948724001,60.731809965782304,60.4688660892225,59.884895287124
60.27000045776367,61.1314336028272,61.06450960815664,61.13946131145895,60.62011035895466,59.84686011627448
60.11000061035156,61.734781572055,61.45794232729713,61.744169642255656,61.03343323643094,59.77923967029212
60.38999938964844,60.46980769904553,61.308611761935936,60.470209154206486,59.880340137439134,59.71165687398072
60.560001373291016,61.09589783406136,61.33709032987554,61.13166722227106,60.159141262329285,59.738458528876
60.5,60.902933479794,60.75945978820846,60.93659920744062,59.671622270950365,59.82467054607152
60.470001220703125,60.81158534696442,60.64306785669396,60.81038803210004,60.0334185614347,59.89978082116115
59.83000183105469,61.40998326135422,60.97509234917924,61.4122173089504,60.327907930612575,59.9053423323385
59.310001373291016,60.95160352874086,60.73649615663635,60.95482453994282,59.61196198867924,59.69711509780884
58.81999969482422,59.58971719352121,61.02742178532935,59.59685098153386,59.666127178679744,59.39829293330151
58.77999877929688,59.73635537465066,60.71119750703133,59.73900620301879,59.31908658777411,59.00983508695483
58.33000183105469,59.44734172009703,59.91765438339485,59.48038073468638,58.705823441134726,58.71641565022994
58.33000183105469,58.638767599061794,60.0691119769981,58.62370286949477,58.58818573932581,58.447299894579395
58.880001068115234,59.06403041880549,60.37347643448084,59.04766997106708,58.62949506038967,58.27233696281201
58.29999923706055,59.64170814777572,60.19052477255445,59.63718014251572,58.83317034090669,58.287506506323574
58.43999862670898,58.60275890138838,59.72628281399557,58.63047795744024,58.42266506582201,58.26886337143062
58.459999084472656,58.33357553678502,59.03383462782927,58.40243697042206,57.84384249249933,58.29127474730378
57.93999862670898,57.8113958000074,58.04472643424674,57.889011201956464,57.05629660570821,58.185146054171604
58.29999923706055,57.65786243070352,59.872182385825454,57.668902709036274,57.56643634096872,58.19810736263437
58.18000030517578,58.08950247618077,59.67424598812477,58.074694507927234,58.07146967727499,58.368544149175726
58.43999862670898,58.67062596976598,59.9940620044822,58.63868579558175,57.93260642518999,58.30996371657877
57.540000915527344,58.446075320698576,58.17860276526744,58.60563726663258,58.27781189256938,58.30727503898972
57.59999847412109,59.12640301909733,59.214493989436505,59.41234657017276,58.53096134687348,57.92486814954284
57.0,59.21545658802097,58.76800483741272,59.598572424710255,58.42405235564706,57.76573199358656
56.52999877929688,57.2818459593027,58.31314731125667,57.334570098727454,57.32822327339818,57.39012168821865
55.95000076293945,58.552403137262445,59.362118993903096,58.63664130323741,58.1571730052583,57.06844699191108
55.810001373291016,59.54869714834331,60.07809236642424,59.65471824758879,58.66104283940968,56.620502665451134
55.97999954223633,56.20494055394533,58.710677505499,56.20180314909566,56.858968509397975,56.29261004413777
55.47999954223633,56.6199992070292,58.52713229341271,56.61130249847747,56.81716058896018,56.13669047963506
54.880001068115234,56.79580217599869,58.5925729572773,56.81359720230103,56.71151326596737,55.92838794576348
55.040000915527344,55.38819823595577,58.39017685926001,55.38104286533007,55.10035992347503,55.56215486387739
52.380001068115234,55.2786915542174,58.12090494118456,55.23051024557707,53.60541641115605,55.18190137191507
53.13999938964844,55.761592361081966,58.48931179586248,55.69003009048811,52.03042584445802,54.21551862095341
52.880001068115234,53.244046613091086,57.919511335398965,53.20779051058889,51.04852587940604,52.8531251722625
54.02999877929688,53.68859878511557,57.69781304798698,53.586149604468574,49.21897806641482,51.264562783888344
53.709999084472656,54.310262809776304,55.91858363495339,54.24855843256,46.74305263115821,51.266842225923504
52.810001373291016,53.64710245417518,55.8409210373984,53.70022893184432,46.42133569051112,52.63647014073606
52.88999938964844,53.17928065391288,54.498371775840496,53.238973045361945,45.16346384068538,53.62729489438927
53.43000030517578,53.950294131993125,54.88700294931413,54.04788247997976,45.43456645860828,53.21858316200953
54.06999969482422,53.60313108263381,55.04505768314266,53.65256144909472,46.56755557045199,53.02339253528455
54.04999923706055,54.189614979479984,55.42390497883025,54.222653994562506,45.56895418850809,53.59207690109272
54.34999847412109,54.46061159236797,55.6361051407157,54.51776534011606,45.23258708898175,53.93744879138378
54.56999969482422,54.40642335216489,55.04131505834266,54.48163337045571,46.607019032456265,54.207050718872345
54.08000183105469,54.50343557614451,55.07759514165309,54.6237534045265,45.42098355827602,54.39297543418616
55.63999938964844,54.49650200288852,55.1017564995218,54.68331250608935,44.90229589268711,54.40688944301839
56.119998931884766,55.245462953132574,55.01113075580952,55.41431234379184,52.46280596125462,54.8274681879898
55.77999877929688,55.80637760570244,55.20378243605046,55.96136336950167,53.02476229181775,55.38064825560334
55.2400016784668,56.40405096979816,55.42743941487174,56.61842495145402,52.40595386956216,55.97200918192359
56.150001525878906,55.34334161335392,55.38004506302696,55.48713701255383,55.189835468293495,55.84513961244922
56.4900016784668,55.28003214039359,55.387617524123016,55.52156496041903,54.91799423977386,55.83754420056905
56.43999862670898,55.80786494323047,54.92153337707896,56.141520859236834,55.19322087663909,56.005041857362365
57.09000015258789,56.55329499388336,56.87688950653228,56.65237471943965,55.65351966743583,56.43835764971302
56.7400016784668,57.058455924684495,57.56486222261447,57.23011004720957,55.94806022067041,56.70546160338065
56.970001220703125,57.44448443977262,57.56528884295608,57.7264744831316,56.037761256666045,56.79959478395724
57.18000030517578,56.98980468511581,56.83529132604599,57.1462869644165,56.24209821224213,56.92188909993913
57.09000015258789,57.221278985722165,56.84583420709168,57.45234660196184,56.18988533022457,56.957301889359336
56.65999984741211,56.85740516625083,56.65937707853482,57.174585324321015,55.48615783629612,57.03653725883216
56.720001220703125,56.86824037202928,56.62903080633464,56.938140923894025,56.70041258670449,56.96939316303453
56.93000030517578,56.62560055440736,56.44691304603612,56.72797415388232,56.12890278185887,56.865152682748
57.09999847412109,56.82791271925817,56.35006204167804,56.9778300921862,56.056386555967045,56.7995063890776
57.209999084472656,57.35372307871785,56.69984929093516,57.39958474337982,56.612774361706215,56.89861423704726
57.150001525878906,57.5136982721142,56.417072197946254,57.61595959746501,56.54029130622348,57.02624089229632
57.2599983215332,58.21729811419891,56.65000896223228,58.36060942661311,57.03229061589559,57.112967727818635
57.400001525878906,57.37074875855569,56.88963487801857,57.43232488575586,56.81876325757571,57.16412380899694
58.02999877929688,57.69343089904395,57.411151609755954,57.79927082852168,56.84379942830218,57.20571359986754
58.41999816894531,57.88932017862453,57.6402385601632,58.05609471834441,56.81500390602423,57.414598885167855
58.56999969482422,58.784785186294805,56.74124629835409,58.767510814126574,57.48771536468575,57.727936634771616
58.45999908447265,59.28691999812827,57.164468732435125,59.2930011619319,57.7052857417209,58.1561631737741
58.580001831054695,59.3011533509889,57.2039399381938,59.29342016088867,57.65268690309495,58.33508259487646
58.22999954223633,58.73681719082469,57.2410204978405,58.770221993315765,58.16004966201603,58.38223717080884
58.43999862670897,57.99034157039023,56.68082867566636,58.06203500147785,57.08724235648742,58.21748139222657
58.63999938964844,58.1889205776606,56.485394316636295,58.3250274466136,57.16958848186095,58.18144574629334
58.56999969482423,58.69281399250031,58.83263325691223,58.77209043502808,58.05029225349426,58.19360986389713
58.65999984741211,58.30904842468954,58.01431585086903,58.4722039566259,57.36849327422534,58.27895593866062
58.59999847412109,57.78773970129669,57.10296212814865,58.03436741094902,56.66699994588089,58.331074541861675
58.7400016784668,58.64170124703696,59.35052604327393,58.71411326759471,57.56677793414883,58.34106070784767
58.61000061035156,58.87441888111289,58.50147282684293,59.00801906732204,57.6798450283286,58.37691056083943
59.04000091552734,58.41171452487515,57.81574458102386,58.60000745583193,56.936118314172745,58.38739026490341
59.41999816894532,59.07796452109597,57.89294204853877,59.11729626319448,57.737492693248896,58.50230442690647
59.93000030517578,59.3023392432624,59.01517828877877,59.3825246388833,57.77682209752584,58.69109379109752
59.040000915527344,56.45922572824748,56.59838358421166,56.59116530899428,54.81481396633308,58.79754823573059
,,,,,58.86951640023746
